customer_id,name,email,gender,age,country,city,signup_date,loyalty_points
1,Customer_1,customer1@example.com,M,21,USA,City_1,2023-01-01,10
2,Customer_2,customer2@example.com,F,22,UK,City_2,2023-01-02,20
3,Customer_3,customer3@example.com,M,23,Canada,City_3,2023-01-03,30
4,Customer_4,customer4@example.com,F,24,Australia,City_4,2023-01-04,40
5,Customer_5,customer5@example.com,M,25,Germany,City_5,2023-01-05,50
6,Customer_6,customer6@example.com,F,26,USA,City_6,2023-01-06,60
7,Customer_7,customer7@example.com,M,27,UK,City_7,2023-01-07,70
8,Customer_8,customer8@example.com,F,28,Canada,City_8,2023-01-08,80
9,Customer_9,customer9@example.com,M,29,Australia,City_9,2023-01-09,90
10,Customer_10,customer10@example.com,F,30,Germany,City_10,2023-01-10,100
11,Customer_11,customer11@example.com,M,31,USA,City_11,2023-01-11,110
12,Customer_12,customer12@example.com,F,32,UK,City_12,2023-01-12,120
13,Customer_13,customer13@example.com,M,33,Canada,City_13,2023-01-13,130
14,Customer_14,customer14@example.com,F,34,Australia,City_14,2023-01-14,140
15,Customer_15,customer15@example.com,M,35,Germany,City_15,2023-01-15,150
16,Customer_16,customer16@example.com,F,36,USA,City_16,2023-01-16,160
17,Customer_17,customer17@example.com,M,37,UK,City_17,2023-01-17,170
18,Customer_18,customer18@example.com,F,38,Canada,City_18,2023-01-18,180
19,Customer_19,customer19@example.com,M,39,Australia,City_19,2023-01-19,190
20,Customer_20,customer20@example.com,F,40,Germany,City_20,2023-01-20,200
21,Customer_21,customer21@example.com,M,41,USA,City_21,2023-01-21,210
22,Customer_22,customer22@example.com,F,42,UK,City_22,2023-01-22,220
23,Customer_23,customer23@example.com,M,43,Canada,City_23,2023-01-23,230
24,Customer_24,customer24@example.com,F,44,Australia,City_24,2023-01-24,240
25,Customer_25,customer25@example.com,M,45,Germany,City_25,2023-01-25,250
26,Customer_26,customer26@example.com,F,46,USA,City_26,2023-01-26,260
27,Customer_27,customer27@example.com,M,47,UK,City_27,2023-01-27,270
28,Customer_28,customer28@example.com,F,48,Canada,City_28,2023-01-28,280
29,Customer_29,customer29@example.com,M,49,Australia,City_29,2023-01-29,290
30,Customer_30,customer30@example.com,F,50,Germany,City_30,2023-01-30,300
31,Customer_31,customer31@example.com,M,51,USA,City_31,2023-01-31,310
32,Customer_32,customer32@example.com,F,52,UK,City_32,2023-02-01,320
33,Customer_33,customer33@example.com,M,53,Canada,City_33,2023-02-02,330
34,Customer_34,customer34@example.com,F,54,Australia,City_34,2023-02-03,340
35,Customer_35,customer35@example.com,M,55,Germany,City_35,2023-02-04,350
36,Customer_36,customer36@example.com,F,56,USA,City_36,2023-02-05,360
37,Customer_37,customer37@example.com,M,57,UK,City_37,2023-02-06,370
38,Customer_38,customer38@example.com,F,58,Canada,City_38,2023-02-07,380
39,Customer_39,customer39@example.com,M,59,Australia,City_39,2023-02-08,390
40,Customer_40,customer40@example.com,F,60,Germany,City_40,2023-02-09,400
41,Customer_41,customer41@example.com,M,61,USA,City_41,2023-02-10,410
42,Customer_42,customer42@example.com,F,62,UK,City_42,2023-02-11,420
43,Customer_43,customer43@example.com,M,63,Canada,City_43,2023-02-12,430
44,Customer_44,customer44@example.com,F,64,Australia,City_44,2023-02-13,440
45,Customer_45,customer45@example.com,M,65,Germany,City_45,2023-02-14,450
46,Customer_46,customer46@example.com,F,66,USA,City_46,2023-02-15,460
47,Customer_47,customer47@example.com,M,67,UK,City_47,2023-02-16,470
48,Customer_48,customer48@example.com,F,68,Canada,City_48,2023-02-17,480
49,Customer_49,customer49@example.com,M,69,Australia,City_49,2023-02-18,490
50,Customer_50,customer50@example.com,F,20,Germany,City_0,2023-02-19,500
51,Customer_51,customer51@example.com,M,21,USA,City_1,2023-02-20,510
52,Customer_52,customer52@example.com,F,22,UK,City_2,2023-02-21,520
53,Customer_53,customer53@example.com,M,23,Canada,City_3,2023-02-22,530
54,Customer_54,customer54@example.com,F,24,Australia,City_4,2023-02-23,540
55,Customer_55,customer55@example.com,M,25,Germany,City_5,2023-02-24,550
56,Customer_56,customer56@example.com,F,26,USA,City_6,2023-02-25,560
57,Customer_57,customer57@example.com,M,27,UK,City_7,2023-02-26,570
58,Customer_58,customer58@example.com,F,28,Canada,City_8,2023-02-27,580
59,Customer_59,customer59@example.com,M,29,Australia,City_9,2023-02-28,590
60,Customer_60,customer60@example.com,F,30,Germany,City_10,2023-03-01,600
61,Customer_61,customer61@example.com,M,31,USA,City_11,2023-03-02,610
62,Customer_62,customer62@example.com,F,32,UK,City_12,2023-03-03,620
63,Customer_63,customer63@example.com,M,33,Canada,City_13,2023-03-04,630
64,Customer_64,customer64@example.com,F,34,Australia,City_14,2023-03-05,640
65,Customer_65,customer65@example.com,M,35,Germany,City_15,2023-03-06,650
66,Customer_66,customer66@example.com,F,36,USA,City_16,2023-03-07,660
67,Customer_67,customer67@example.com,M,37,UK,City_17,2023-03-08,670
68,Customer_68,customer68@example.com,F,38,Canada,City_18,2023-03-09,680
69,Customer_69,customer69@example.com,M,39,Australia,City_19,2023-03-10,690
70,Customer_70,customer70@example.com,F,40,Germany,City_20,2023-03-11,700
71,Customer_71,customer71@example.com,M,41,USA,City_21,2023-03-12,710
72,Customer_72,customer72@example.com,F,42,UK,City_22,2023-03-13,720
73,Customer_73,customer73@example.com,M,43,Canada,City_23,2023-03-14,730
74,Customer_74,customer74@example.com,F,44,Australia,City_24,2023-03-15,740
75,Customer_75,customer75@example.com,M,45,Germany,City_25,2023-03-16,750
76,Customer_76,customer76@example.com,F,46,USA,City_26,2023-03-17,760
77,Customer_77,customer77@example.com,M,47,UK,City_27,2023-03-18,770
78,Customer_78,customer78@example.com,F,48,Canada,City_28,2023-03-19,780
79,Customer_79,customer79@example.com,M,49,Australia,City_29,2023-03-20,790
80,Customer_80,customer80@example.com,F,50,Germany,City_30,2023-03-21,800
81,Customer_81,customer81@example.com,M,51,USA,City_31,2023-03-22,810
82,Customer_82,customer82@example.com,F,52,UK,City_32,2023-03-23,820
83,Customer_83,customer83@example.com,M,53,Canada,City_33,2023-03-24,830
84,Customer_84,customer84@example.com,F,54,Australia,City_34,2023-03-25,840
85,Customer_85,customer85@example.com,M,55,Germany,City_35,2023-03-26,850
86,Customer_86,customer86@example.com,F,56,USA,City_36,2023-03-27,860
87,Customer_87,customer87@example.com,M,57,UK,City_37,2023-03-28,870
88,Customer_88,customer88@example.com,F,58,Canada,City_38,2023-03-29,880
89,Customer_89,customer89@example.com,M,59,Australia,City_39,2023-03-30,890
90,Customer_90,customer90@example.com,F,60,Germany,City_40,2023-03-31,900
91,Customer_91,customer91@example.com,M,61,USA,City_41,2023-04-01,910
92,Customer_92,customer92@example.com,F,62,UK,City_42,2023-04-02,920
93,Customer_93,customer93@example.com,M,63,Canada,City_43,2023-04-03,930
94,Customer_94,customer94@example.com,F,64,Australia,City_44,2023-04-04,940
95,Customer_95,customer95@example.com,M,65,Germany,City_45,2023-04-05,950
96,Customer_96,customer96@example.com,F,66,USA,City_46,2023-04-06,960
97,Customer_97,customer97@example.com,M,67,UK,City_47,2023-04-07,970
98,Customer_98,customer98@example.com,F,68,Canada,City_48,2023-04-08,980
99,Customer_99,customer99@example.com,M,69,Australia,City_49,2023-04-09,990
100,Customer_100,customer100@example.com,F,20,Germany,City_0,2023-04-10,0
101,Customer_101,customer101@example.com,M,21,USA,City_1,2023-04-11,10
102,Customer_102,customer102@example.com,F,22,UK,City_2,2023-04-12,20
103,Customer_103,customer103@example.com,M,23,Canada,City_3,2023-04-13,30
104,Customer_104,customer104@example.com,F,24,Australia,City_4,2023-04-14,40
105,Customer_105,customer105@example.com,M,25,Germany,City_5,2023-04-15,50
106,Customer_106,customer106@example.com,F,26,USA,City_6,2023-04-16,60
107,Customer_107,customer107@example.com,M,27,UK,City_7,2023-04-17,70
108,Customer_108,customer108@example.com,F,28,Canada,City_8,2023-04-18,80
109,Customer_109,customer109@example.com,M,29,Australia,City_9,2023-04-19,90
110,Customer_110,customer110@example.com,F,30,Germany,City_10,2023-04-20,100
111,Customer_111,customer111@example.com,M,31,USA,City_11,2023-04-21,110
112,Customer_112,customer112@example.com,F,32,UK,City_12,2023-04-22,120
113,Customer_113,customer113@example.com,M,33,Canada,City_13,2023-04-23,130
114,Customer_114,customer114@example.com,F,34,Australia,City_14,2023-04-24,140
115,Customer_115,customer115@example.com,M,35,Germany,City_15,2023-04-25,150
116,Customer_116,customer116@example.com,F,36,USA,City_16,2023-04-26,160
117,Customer_117,customer117@example.com,M,37,UK,City_17,2023-04-27,170
118,Customer_118,customer118@example.com,F,38,Canada,City_18,2023-04-28,180
119,Customer_119,customer119@example.com,M,39,Australia,City_19,2023-04-29,190
120,Customer_120,customer120@example.com,F,40,Germany,City_20,2023-04-30,200
121,Customer_121,customer121@example.com,M,41,USA,City_21,2023-05-01,210
122,Customer_122,customer122@example.com,F,42,UK,City_22,2023-05-02,220
123,Customer_123,customer123@example.com,M,43,Canada,City_23,2023-05-03,230
124,Customer_124,customer124@example.com,F,44,Australia,City_24,2023-05-04,240
125,Customer_125,customer125@example.com,M,45,Germany,City_25,2023-05-05,250
126,Customer_126,customer126@example.com,F,46,USA,City_26,2023-05-06,260
127,Customer_127,customer127@example.com,M,47,UK,City_27,2023-05-07,270
128,Customer_128,customer128@example.com,F,48,Canada,City_28,2023-05-08,280
129,Customer_129,customer129@example.com,M,49,Australia,City_29,2023-05-09,290
130,Customer_130,customer130@example.com,F,50,Germany,City_30,2023-05-10,300
131,Customer_131,customer131@example.com,M,51,USA,City_31,2023-05-11,310
132,Customer_132,customer132@example.com,F,52,UK,City_32,2023-05-12,320
133,Customer_133,customer133@example.com,M,53,Canada,City_33,2023-05-13,330
134,Customer_134,customer134@example.com,F,54,Australia,City_34,2023-05-14,340
135,Customer_135,customer135@example.com,M,55,Germany,City_35,2023-05-15,350
136,Customer_136,customer136@example.com,F,56,USA,City_36,2023-05-16,360
137,Customer_137,customer137@example.com,M,57,UK,City_37,2023-05-17,370
138,Customer_138,customer138@example.com,F,58,Canada,City_38,2023-05-18,380
139,Customer_139,customer139@example.com,M,59,Australia,City_39,2023-05-19,390
140,Customer_140,customer140@example.com,F,60,Germany,City_40,2023-05-20,400
141,Customer_141,customer141@example.com,M,61,USA,City_41,2023-05-21,410
142,Customer_142,customer142@example.com,F,62,UK,City_42,2023-05-22,420
143,Customer_143,customer143@example.com,M,63,Canada,City_43,2023-05-23,430
144,Customer_144,customer144@example.com,F,64,Australia,City_44,2023-05-24,440
145,Customer_145,customer145@example.com,M,65,Germany,City_45,2023-05-25,450
146,Customer_146,customer146@example.com,F,66,USA,City_46,2023-05-26,460
147,Customer_147,customer147@example.com,M,67,UK,City_47,2023-05-27,470
148,Customer_148,customer148@example.com,F,68,Canada,City_48,2023-05-28,480
149,Customer_149,customer149@example.com,M,69,Australia,City_49,2023-05-29,490
150,Customer_150,customer150@example.com,F,20,Germany,City_0,2023-05-30,500
151,Customer_151,customer151@example.com,M,21,USA,City_1,2023-05-31,510
152,Customer_152,customer152@example.com,F,22,UK,City_2,2023-06-01,520
153,Customer_153,customer153@example.com,M,23,Canada,City_3,2023-06-02,530
154,Customer_154,customer154@example.com,F,24,Australia,City_4,2023-06-03,540
155,Customer_155,customer155@example.com,M,25,Germany,City_5,2023-06-04,550
156,Customer_156,customer156@example.com,F,26,USA,City_6,2023-06-05,560
157,Customer_157,customer157@example.com,M,27,UK,City_7,2023-06-06,570
158,Customer_158,customer158@example.com,F,28,Canada,City_8,2023-06-07,580
159,Customer_159,customer159@example.com,M,29,Australia,City_9,2023-06-08,590
160,Customer_160,customer160@example.com,F,30,Germany,City_10,2023-06-09,600
161,Customer_161,customer161@example.com,M,31,USA,City_11,2023-06-10,610
162,Customer_162,customer162@example.com,F,32,UK,City_12,2023-06-11,620
163,Customer_163,customer163@example.com,M,33,Canada,City_13,2023-06-12,630
164,Customer_164,customer164@example.com,F,34,Australia,City_14,2023-06-13,640
165,Customer_165,customer165@example.com,M,35,Germany,City_15,2023-06-14,650
166,Customer_166,customer166@example.com,F,36,USA,City_16,2023-06-15,660
167,Customer_167,customer167@example.com,M,37,UK,City_17,2023-06-16,670
168,Customer_168,customer168@example.com,F,38,Canada,City_18,2023-06-17,680
169,Customer_169,customer169@example.com,M,39,Australia,City_19,2023-06-18,690
170,Customer_170,customer170@example.com,F,40,Germany,City_20,2023-06-19,700
171,Customer_171,customer171@example.com,M,41,USA,City_21,2023-06-20,710
172,Customer_172,customer172@example.com,F,42,UK,City_22,2023-06-21,720
173,Customer_173,customer173@example.com,M,43,Canada,City_23,2023-06-22,730
174,Customer_174,customer174@example.com,F,44,Australia,City_24,2023-06-23,740
175,Customer_175,customer175@example.com,M,45,Germany,City_25,2023-06-24,750
176,Customer_176,customer176@example.com,F,46,USA,City_26,2023-06-25,760
177,Customer_177,customer177@example.com,M,47,UK,City_27,2023-06-26,770
178,Customer_178,customer178@example.com,F,48,Canada,City_28,2023-06-27,780
179,Customer_179,customer179@example.com,M,49,Australia,City_29,2023-06-28,790
180,Customer_180,customer180@example.com,F,50,Germany,City_30,2023-06-29,800
181,Customer_181,customer181@example.com,M,51,USA,City_31,2023-06-30,810
182,Customer_182,customer182@example.com,F,52,UK,City_32,2023-07-01,820
183,Customer_183,customer183@example.com,M,53,Canada,City_33,2023-07-02,830
184,Customer_184,customer184@example.com,F,54,Australia,City_34,2023-07-03,840
185,Customer_185,customer185@example.com,M,55,Germany,City_35,2023-07-04,850
186,Customer_186,customer186@example.com,F,56,USA,City_36,2023-07-05,860
187,Customer_187,customer187@example.com,M,57,UK,City_37,2023-07-06,870
188,Customer_188,customer188@example.com,F,58,Canada,City_38,2023-07-07,880
189,Customer_189,customer189@example.com,M,59,Australia,City_39,2023-07-08,890
190,Customer_190,customer190@example.com,F,60,Germany,City_40,2023-07-09,900
191,Customer_191,customer191@example.com,M,61,USA,City_41,2023-07-10,910
192,Customer_192,customer192@example.com,F,62,UK,City_42,2023-07-11,920
193,Customer_193,customer193@example.com,M,63,Canada,City_43,2023-07-12,930
194,Customer_194,customer194@example.com,F,64,Australia,City_44,2023-07-13,940
195,Customer_195,customer195@example.com,M,65,Germany,City_45,2023-07-14,950
196,Customer_196,customer196@example.com,F,66,USA,City_46,2023-07-15,960
197,Customer_197,customer197@example.com,M,67,UK,City_47,2023-07-16,970
198,Customer_198,customer198@example.com,F,68,Canada,City_48,2023-07-17,980
199,Customer_199,customer199@example.com,M,69,Australia,City_49,2023-07-18,990
200,Customer_200,customer200@example.com,F,20,Germany,City_0,2023-07-19,0
201,Customer_201,customer201@example.com,M,21,USA,City_1,2023-07-20,10
202,Customer_202,customer202@example.com,F,22,UK,City_2,2023-07-21,20
203,Customer_203,customer203@example.com,M,23,Canada,City_3,2023-07-22,30
204,Customer_204,customer204@example.com,F,24,Australia,City_4,2023-07-23,40
205,Customer_205,customer205@example.com,M,25,Germany,City_5,2023-07-24,50
206,Customer_206,customer206@example.com,F,26,USA,City_6,2023-07-25,60
207,Customer_207,customer207@example.com,M,27,UK,City_7,2023-07-26,70
208,Customer_208,customer208@example.com,F,28,Canada,City_8,2023-07-27,80
209,Customer_209,customer209@example.com,M,29,Australia,City_9,2023-07-28,90
210,Customer_210,customer210@example.com,F,30,Germany,City_10,2023-07-29,100
211,Customer_211,customer211@example.com,M,31,USA,City_11,2023-07-30,110
212,Customer_212,customer212@example.com,F,32,UK,City_12,2023-07-31,120
213,Customer_213,customer213@example.com,M,33,Canada,City_13,2023-08-01,130
214,Customer_214,customer214@example.com,F,34,Australia,City_14,2023-08-02,140
215,Customer_215,customer215@example.com,M,35,Germany,City_15,2023-08-03,150
216,Customer_216,customer216@example.com,F,36,USA,City_16,2023-08-04,160
217,Customer_217,customer217@example.com,M,37,UK,City_17,2023-08-05,170
218,Customer_218,customer218@example.com,F,38,Canada,City_18,2023-08-06,180
219,Customer_219,customer219@example.com,M,39,Australia,City_19,2023-08-07,190
220,Customer_220,customer220@example.com,F,40,Germany,City_20,2023-08-08,200
221,Customer_221,customer221@example.com,M,41,USA,City_21,2023-08-09,210
222,Customer_222,customer222@example.com,F,42,UK,City_22,2023-08-10,220
223,Customer_223,customer223@example.com,M,43,Canada,City_23,2023-08-11,230
224,Customer_224,customer224@example.com,F,44,Australia,City_24,2023-08-12,240
225,Customer_225,customer225@example.com,M,45,Germany,City_25,2023-08-13,250
226,Customer_226,customer226@example.com,F,46,USA,City_26,2023-08-14,260
227,Customer_227,customer227@example.com,M,47,UK,City_27,2023-08-15,270
228,Customer_228,customer228@example.com,F,48,Canada,City_28,2023-08-16,280
229,Customer_229,customer229@example.com,M,49,Australia,City_29,2023-08-17,290
230,Customer_230,customer230@example.com,F,50,Germany,City_30,2023-08-18,300
231,Customer_231,customer231@example.com,M,51,USA,City_31,2023-08-19,310
232,Customer_232,customer232@example.com,F,52,UK,City_32,2023-08-20,320
233,Customer_233,customer233@example.com,M,53,Canada,City_33,2023-08-21,330
234,Customer_234,customer234@example.com,F,54,Australia,City_34,2023-08-22,340
235,Customer_235,customer235@example.com,M,55,Germany,City_35,2023-08-23,350
236,Customer_236,customer236@example.com,F,56,USA,City_36,2023-08-24,360
237,Customer_237,customer237@example.com,M,57,UK,City_37,2023-08-25,370
238,Customer_238,customer238@example.com,F,58,Canada,City_38,2023-08-26,380
239,Customer_239,customer239@example.com,M,59,Australia,City_39,2023-08-27,390
240,Customer_240,customer240@example.com,F,60,Germany,City_40,2023-08-28,400
241,Customer_241,customer241@example.com,M,61,USA,City_41,2023-08-29,410
242,Customer_242,customer242@example.com,F,62,UK,City_42,2023-08-30,420
243,Customer_243,customer243@example.com,M,63,Canada,City_43,2023-08-31,430
244,Customer_244,customer244@example.com,F,64,Australia,City_44,2023-09-01,440
245,Customer_245,customer245@example.com,M,65,Germany,City_45,2023-09-02,450
246,Customer_246,customer246@example.com,F,66,USA,City_46,2023-09-03,460
247,Customer_247,customer247@example.com,M,67,UK,City_47,2023-09-04,470
248,Customer_248,customer248@example.com,F,68,Canada,City_48,2023-09-05,480
249,Customer_249,customer249@example.com,M,69,Australia,City_49,2023-09-06,490
250,Customer_250,customer250@example.com,F,20,Germany,City_0,2023-09-07,500
251,Customer_251,customer251@example.com,M,21,USA,City_1,2023-09-08,510
252,Customer_252,customer252@example.com,F,22,UK,City_2,2023-09-09,520
253,Customer_253,customer253@example.com,M,23,Canada,City_3,2023-09-10,530
254,Customer_254,customer254@example.com,F,24,Australia,City_4,2023-09-11,540
255,Customer_255,customer255@example.com,M,25,Germany,City_5,2023-09-12,550
256,Customer_256,customer256@example.com,F,26,USA,City_6,2023-09-13,560
257,Customer_257,customer257@example.com,M,27,UK,City_7,2023-09-14,570
258,Customer_258,customer258@example.com,F,28,Canada,City_8,2023-09-15,580
259,Customer_259,customer259@example.com,M,29,Australia,City_9,2023-09-16,590
260,Customer_260,customer260@example.com,F,30,Germany,City_10,2023-09-17,600
261,Customer_261,customer261@example.com,M,31,USA,City_11,2023-09-18,610
262,Customer_262,customer262@example.com,F,32,UK,City_12,2023-09-19,620
263,Customer_263,customer263@example.com,M,33,Canada,City_13,2023-09-20,630
264,Customer_264,customer264@example.com,F,34,Australia,City_14,2023-09-21,640
265,Customer_265,customer265@example.com,M,35,Germany,City_15,2023-09-22,650
266,Customer_266,customer266@example.com,F,36,USA,City_16,2023-09-23,660
267,Customer_267,customer267@example.com,M,37,UK,City_17,2023-09-24,670
268,Customer_268,customer268@example.com,F,38,Canada,City_18,2023-09-25,680
269,Customer_269,customer269@example.com,M,39,Australia,City_19,2023-09-26,690
270,Customer_270,customer270@example.com,F,40,Germany,City_20,2023-09-27,700
271,Customer_271,customer271@example.com,M,41,USA,City_21,2023-09-28,710
272,Customer_272,customer272@example.com,F,42,UK,City_22,2023-09-29,720
273,Customer_273,customer273@example.com,M,43,Canada,City_23,2023-09-30,730
274,Customer_274,customer274@example.com,F,44,Australia,City_24,2023-10-01,740
275,Customer_275,customer275@example.com,M,45,Germany,City_25,2023-10-02,750
276,Customer_276,customer276@example.com,F,46,USA,City_26,2023-10-03,760
277,Customer_277,customer277@example.com,M,47,UK,City_27,2023-10-04,770
278,Customer_278,customer278@example.com,F,48,Canada,City_28,2023-10-05,780
279,Customer_279,customer279@example.com,M,49,Australia,City_29,2023-10-06,790
280,Customer_280,customer280@example.com,F,50,Germany,City_30,2023-10-07,800
281,Customer_281,customer281@example.com,M,51,USA,City_31,2023-10-08,810
282,Customer_282,customer282@example.com,F,52,UK,City_32,2023-10-09,820
283,Customer_283,customer283@example.com,M,53,Canada,City_33,2023-10-10,830
284,Customer_284,customer284@example.com,F,54,Australia,City_34,2023-10-11,840
285,Customer_285,customer285@example.com,M,55,Germany,City_35,2023-10-12,850
286,Customer_286,customer286@example.com,F,56,USA,City_36,2023-10-13,860
287,Customer_287,customer287@example.com,M,57,UK,City_37,2023-10-14,870
288,Customer_288,customer288@example.com,F,58,Canada,City_38,2023-10-15,880
289,Customer_289,customer289@example.com,M,59,Australia,City_39,2023-10-16,890
290,Customer_290,customer290@example.com,F,60,Germany,City_40,2023-10-17,900
291,Customer_291,customer291@example.com,M,61,USA,City_41,2023-10-18,910
292,Customer_292,customer292@example.com,F,62,UK,City_42,2023-10-19,920
293,Customer_293,customer293@example.com,M,63,Canada,City_43,2023-10-20,930
294,Customer_294,customer294@example.com,F,64,Australia,City_44,2023-10-21,940
295,Customer_295,customer295@example.com,M,65,Germany,City_45,2023-10-22,950
296,Customer_296,customer296@example.com,F,66,USA,City_46,2023-10-23,960
297,Customer_297,customer297@example.com,M,67,UK,City_47,2023-10-24,970
298,Customer_298,customer298@example.com,F,68,Canada,City_48,2023-10-25,980
299,Customer_299,customer299@example.com,M,69,Australia,City_49,2023-10-26,990
300,Customer_300,customer300@example.com,F,20,Germany,City_0,2023-10-27,0
301,Customer_301,customer301@example.com,M,21,USA,City_1,2023-10-28,10
302,Customer_302,customer302@example.com,F,22,UK,City_2,2023-10-29,20
303,Customer_303,customer303@example.com,M,23,Canada,City_3,2023-10-30,30
304,Customer_304,customer304@example.com,F,24,Australia,City_4,2023-10-31,40
305,Customer_305,customer305@example.com,M,25,Germany,City_5,2023-11-01,50
306,Customer_306,customer306@example.com,F,26,USA,City_6,2023-11-02,60
307,Customer_307,customer307@example.com,M,27,UK,City_7,2023-11-03,70
308,Customer_308,customer308@example.com,F,28,Canada,City_8,2023-11-04,80
309,Customer_309,customer309@example.com,M,29,Australia,City_9,2023-11-05,90
310,Customer_310,customer310@example.com,F,30,Germany,City_10,2023-11-06,100
311,Customer_311,customer311@example.com,M,31,USA,City_11,2023-11-07,110
312,Customer_312,customer312@example.com,F,32,UK,City_12,2023-11-08,120
313,Customer_313,customer313@example.com,M,33,Canada,City_13,2023-11-09,130
314,Customer_314,customer314@example.com,F,34,Australia,City_14,2023-11-10,140
315,Customer_315,customer315@example.com,M,35,Germany,City_15,2023-11-11,150
316,Customer_316,customer316@example.com,F,36,USA,City_16,2023-11-12,160
317,Customer_317,customer317@example.com,M,37,UK,City_17,2023-11-13,170
318,Customer_318,customer318@example.com,F,38,Canada,City_18,2023-11-14,180
319,Customer_319,customer319@example.com,M,39,Australia,City_19,2023-11-15,190
320,Customer_320,customer320@example.com,F,40,Germany,City_20,2023-11-16,200
321,Customer_321,customer321@example.com,M,41,USA,City_21,2023-11-17,210
322,Customer_322,customer322@example.com,F,42,UK,City_22,2023-11-18,220
323,Customer_323,customer323@example.com,M,43,Canada,City_23,2023-11-19,230
324,Customer_324,customer324@example.com,F,44,Australia,City_24,2023-11-20,240
325,Customer_325,customer325@example.com,M,45,Germany,City_25,2023-11-21,250
326,Customer_326,customer326@example.com,F,46,USA,City_26,2023-11-22,260
327,Customer_327,customer327@example.com,M,47,UK,City_27,2023-11-23,270
328,Customer_328,customer328@example.com,F,48,Canada,City_28,2023-11-24,280
329,Customer_329,customer329@example.com,M,49,Australia,City_29,2023-11-25,290
330,Customer_330,customer330@example.com,F,50,Germany,City_30,2023-11-26,300
331,Customer_331,customer331@example.com,M,51,USA,City_31,2023-11-27,310
332,Customer_332,customer332@example.com,F,52,UK,City_32,2023-11-28,320
333,Customer_333,customer333@example.com,M,53,Canada,City_33,2023-11-29,330
334,Customer_334,customer334@example.com,F,54,Australia,City_34,2023-11-30,340
335,Customer_335,customer335@example.com,M,55,Germany,City_35,2023-12-01,350
336,Customer_336,customer336@example.com,F,56,USA,City_36,2023-12-02,360
337,Customer_337,customer337@example.com,M,57,UK,City_37,2023-12-03,370
338,Customer_338,customer338@example.com,F,58,Canada,City_38,2023-12-04,380
339,Customer_339,customer339@example.com,M,59,Australia,City_39,2023-12-05,390
340,Customer_340,customer340@example.com,F,60,Germany,City_40,2023-12-06,400
341,Customer_341,customer341@example.com,M,61,USA,City_41,2023-12-07,410
342,Customer_342,customer342@example.com,F,62,UK,City_42,2023-12-08,420
343,Customer_343,customer343@example.com,M,63,Canada,City_43,2023-12-09,430
344,Customer_344,customer344@example.com,F,64,Australia,City_44,2023-12-10,440
345,Customer_345,customer345@example.com,M,65,Germany,City_45,2023-12-11,450
346,Customer_346,customer346@example.com,F,66,USA,City_46,2023-12-12,460
347,Customer_347,customer347@example.com,M,67,UK,City_47,2023-12-13,470
348,Customer_348,customer348@example.com,F,68,Canada,City_48,2023-12-14,480
349,Customer_349,customer349@example.com,M,69,Australia,City_49,2023-12-15,490
350,Customer_350,customer350@example.com,F,20,Germany,City_0,2023-12-16,500
351,Customer_351,customer351@example.com,M,21,USA,City_1,2023-12-17,510
352,Customer_352,customer352@example.com,F,22,UK,City_2,2023-12-18,520
353,Customer_353,customer353@example.com,M,23,Canada,City_3,2023-12-19,530
354,Customer_354,customer354@example.com,F,24,Australia,City_4,2023-12-20,540
355,Customer_355,customer355@example.com,M,25,Germany,City_5,2023-12-21,550
356,Customer_356,customer356@example.com,F,26,USA,City_6,2023-12-22,560
357,Customer_357,customer357@example.com,M,27,UK,City_7,2023-12-23,570
358,Customer_358,customer358@example.com,F,28,Canada,City_8,2023-12-24,580
359,Customer_359,customer359@example.com,M,29,Australia,City_9,2023-12-25,590
360,Customer_360,customer360@example.com,F,30,Germany,City_10,2023-12-26,600
361,Customer_361,customer361@example.com,M,31,USA,City_11,2023-12-27,610
362,Customer_362,customer362@example.com,F,32,UK,City_12,2023-12-28,620
363,Customer_363,customer363@example.com,M,33,Canada,City_13,2023-12-29,630
364,Customer_364,customer364@example.com,F,34,Australia,City_14,2023-12-30,640
365,Customer_365,customer365@example.com,M,35,Germany,City_15,2023-12-31,650
366,Customer_366,customer366@example.com,F,36,USA,City_16,2024-01-01,660
367,Customer_367,customer367@example.com,M,37,UK,City_17,2024-01-02,670
368,Customer_368,customer368@example.com,F,38,Canada,City_18,2024-01-03,680
369,Customer_369,customer369@example.com,M,39,Australia,City_19,2024-01-04,690
370,Customer_370,customer370@example.com,F,40,Germany,City_20,2024-01-05,700
371,Customer_371,customer371@example.com,M,41,USA,City_21,2024-01-06,710
372,Customer_372,customer372@example.com,F,42,UK,City_22,2024-01-07,720
373,Customer_373,customer373@example.com,M,43,Canada,City_23,2024-01-08,730
374,Customer_374,customer374@example.com,F,44,Australia,City_24,2024-01-09,740
375,Customer_375,customer375@example.com,M,45,Germany,City_25,2024-01-10,750
376,Customer_376,customer376@example.com,F,46,USA,City_26,2024-01-11,760
377,Customer_377,customer377@example.com,M,47,UK,City_27,2024-01-12,770
378,Customer_378,customer378@example.com,F,48,Canada,City_28,2024-01-13,780
379,Customer_379,customer379@example.com,M,49,Australia,City_29,2024-01-14,790
380,Customer_380,customer380@example.com,F,50,Germany,City_30,2024-01-15,800
381,Customer_381,customer381@example.com,M,51,USA,City_31,2024-01-16,810
382,Customer_382,customer382@example.com,F,52,UK,City_32,2024-01-17,820
383,Customer_383,customer383@example.com,M,53,Canada,City_33,2024-01-18,830
384,Customer_384,customer384@example.com,F,54,Australia,City_34,2024-01-19,840
385,Customer_385,customer385@example.com,M,55,Germany,City_35,2024-01-20,850
386,Customer_386,customer386@example.com,F,56,USA,City_36,2024-01-21,860
387,Customer_387,customer387@example.com,M,57,UK,City_37,2024-01-22,870
388,Customer_388,customer388@example.com,F,58,Canada,City_38,2024-01-23,880
389,Customer_389,customer389@example.com,M,59,Australia,City_39,2024-01-24,890
390,Customer_390,customer390@example.com,F,60,Germany,City_40,2024-01-25,900
391,Customer_391,customer391@example.com,M,61,USA,City_41,2024-01-26,910
392,Customer_392,customer392@example.com,F,62,UK,City_42,2024-01-27,920
393,Customer_393,customer393@example.com,M,63,Canada,City_43,2024-01-28,930
394,Customer_394,customer394@example.com,F,64,Australia,City_44,2024-01-29,940
395,Customer_395,customer395@example.com,M,65,Germany,City_45,2024-01-30,950
396,Customer_396,customer396@example.com,F,66,USA,City_46,2024-01-31,960
397,Customer_397,customer397@example.com,M,67,UK,City_47,2024-02-01,970
398,Customer_398,customer398@example.com,F,68,Canada,City_48,2024-02-02,980
399,Customer_399,customer399@example.com,M,69,Australia,City_49,2024-02-03,990
400,Customer_400,customer400@example.com,F,20,Germany,City_0,2024-02-04,0
401,Customer_401,customer401@example.com,M,21,USA,City_1,2024-02-05,10
402,Customer_402,customer402@example.com,F,22,UK,City_2,2024-02-06,20
403,Customer_403,customer403@example.com,M,23,Canada,City_3,2024-02-07,30
404,Customer_404,customer404@example.com,F,24,Australia,City_4,2024-02-08,40
405,Customer_405,customer405@example.com,M,25,Germany,City_5,2024-02-09,50
406,Customer_406,customer406@example.com,F,26,USA,City_6,2024-02-10,60
407,Customer_407,customer407@example.com,M,27,UK,City_7,2024-02-11,70
408,Customer_408,customer408@example.com,F,28,Canada,City_8,2024-02-12,80
409,Customer_409,customer409@example.com,M,29,Australia,City_9,2024-02-13,90
410,Customer_410,customer410@example.com,F,30,Germany,City_10,2024-02-14,100
411,Customer_411,customer411@example.com,M,31,USA,City_11,2024-02-15,110
412,Customer_412,customer412@example.com,F,32,UK,City_12,2024-02-16,120
413,Customer_413,customer413@example.com,M,33,Canada,City_13,2024-02-17,130
414,Customer_414,customer414@example.com,F,34,Australia,City_14,2024-02-18,140
415,Customer_415,customer415@example.com,M,35,Germany,City_15,2024-02-19,150
416,Customer_416,customer416@example.com,F,36,USA,City_16,2024-02-20,160
417,Customer_417,customer417@example.com,M,37,UK,City_17,2024-02-21,170
418,Customer_418,customer418@example.com,F,38,Canada,City_18,2024-02-22,180
419,Customer_419,customer419@example.com,M,39,Australia,City_19,2024-02-23,190
420,Customer_420,customer420@example.com,F,40,Germany,City_20,2024-02-24,200
421,Customer_421,customer421@example.com,M,41,USA,City_21,2024-02-25,210
422,Customer_422,customer422@example.com,F,42,UK,City_22,2024-02-26,220
423,Customer_423,customer423@example.com,M,43,Canada,City_23,2024-02-27,230
424,Customer_424,customer424@example.com,F,44,Australia,City_24,2024-02-28,240
425,Customer_425,customer425@example.com,M,45,Germany,City_25,2024-02-29,250
426,Customer_426,customer426@example.com,F,46,USA,City_26,2024-03-01,260
427,Customer_427,customer427@example.com,M,47,UK,City_27,2024-03-02,270
428,Customer_428,customer428@example.com,F,48,Canada,City_28,2024-03-03,280
429,Customer_429,customer429@example.com,M,49,Australia,City_29,2024-03-04,290
430,Customer_430,customer430@example.com,F,50,Germany,City_30,2024-03-05,300
431,Customer_431,customer431@example.com,M,51,USA,City_31,2024-03-06,310
432,Customer_432,customer432@example.com,F,52,UK,City_32,2024-03-07,320
433,Customer_433,customer433@example.com,M,53,Canada,City_33,2024-03-08,330
434,Customer_434,customer434@example.com,F,54,Australia,City_34,2024-03-09,340
435,Customer_435,customer435@example.com,M,55,Germany,City_35,2024-03-10,350
436,Customer_436,customer436@example.com,F,56,USA,City_36,2024-03-11,360
437,Customer_437,customer437@example.com,M,57,UK,City_37,2024-03-12,370
438,Customer_438,customer438@example.com,F,58,Canada,City_38,2024-03-13,380
439,Customer_439,customer439@example.com,M,59,Australia,City_39,2024-03-14,390
440,Customer_440,customer440@example.com,F,60,Germany,City_40,2024-03-15,400
441,Customer_441,customer441@example.com,M,61,USA,City_41,2024-03-16,410
442,Customer_442,customer442@example.com,F,62,UK,City_42,2024-03-17,420
443,Customer_443,customer443@example.com,M,63,Canada,City_43,2024-03-18,430
444,Customer_444,customer444@example.com,F,64,Australia,City_44,2024-03-19,440
445,Customer_445,customer445@example.com,M,65,Germany,City_45,2024-03-20,450
446,Customer_446,customer446@example.com,F,66,USA,City_46,2024-03-21,460
447,Customer_447,customer447@example.com,M,67,UK,City_47,2024-03-22,470
448,Customer_448,customer448@example.com,F,68,Canada,City_48,2024-03-23,480
449,Customer_449,customer449@example.com,M,69,Australia,City_49,2024-03-24,490
450,Customer_450,customer450@example.com,F,20,Germany,City_0,2024-03-25,500
451,Customer_451,customer451@example.com,M,21,USA,City_1,2024-03-26,510
452,Customer_452,customer452@example.com,F,22,UK,City_2,2024-03-27,520
453,Customer_453,customer453@example.com,M,23,Canada,City_3,2024-03-28,530
454,Customer_454,customer454@example.com,F,24,Australia,City_4,2024-03-29,540
455,Customer_455,customer455@example.com,M,25,Germany,City_5,2024-03-30,550
456,Customer_456,customer456@example.com,F,26,USA,City_6,2024-03-31,560
457,Customer_457,customer457@example.com,M,27,UK,City_7,2024-04-01,570
458,Customer_458,customer458@example.com,F,28,Canada,City_8,2024-04-02,580
459,Customer_459,customer459@example.com,M,29,Australia,City_9,2024-04-03,590
460,Customer_460,customer460@example.com,F,30,Germany,City_10,2024-04-04,600
461,Customer_461,customer461@example.com,M,31,USA,City_11,2024-04-05,610
462,Customer_462,customer462@example.com,F,32,UK,City_12,2024-04-06,620
463,Customer_463,customer463@example.com,M,33,Canada,City_13,2024-04-07,630
464,Customer_464,customer464@example.com,F,34,Australia,City_14,2024-04-08,640
465,Customer_465,customer465@example.com,M,35,Germany,City_15,2024-04-09,650
466,Customer_466,customer466@example.com,F,36,USA,City_16,2024-04-10,660
467,Customer_467,customer467@example.com,M,37,UK,City_17,2024-04-11,670
468,Customer_468,customer468@example.com,F,38,Canada,City_18,2024-04-12,680
469,Customer_469,customer469@example.com,M,39,Australia,City_19,2024-04-13,690
470,Customer_470,customer470@example.com,F,40,Germany,City_20,2024-04-14,700
471,Customer_471,customer471@example.com,M,41,USA,City_21,2024-04-15,710
472,Customer_472,customer472@example.com,F,42,UK,City_22,2024-04-16,720
473,Customer_473,customer473@example.com,M,43,Canada,City_23,2024-04-17,730
474,Customer_474,customer474@example.com,F,44,Australia,City_24,2024-04-18,740
475,Customer_475,customer475@example.com,M,45,Germany,City_25,2024-04-19,750
476,Customer_476,customer476@example.com,F,46,USA,City_26,2024-04-20,760
477,Customer_477,customer477@example.com,M,47,UK,City_27,2024-04-21,770
478,Customer_478,customer478@example.com,F,48,Canada,City_28,2024-04-22,780
479,Customer_479,customer479@example.com,M,49,Australia,City_29,2024-04-23,790
480,Customer_480,customer480@example.com,F,50,Germany,City_30,2024-04-24,800
481,Customer_481,customer481@example.com,M,51,USA,City_31,2024-04-25,810
482,Customer_482,customer482@example.com,F,52,UK,City_32,2024-04-26,820
483,Customer_483,customer483@example.com,M,53,Canada,City_33,2024-04-27,830
484,Customer_484,customer484@example.com,F,54,Australia,City_34,2024-04-28,840
485,Customer_485,customer485@example.com,M,55,Germany,City_35,2024-04-29,850
486,Customer_486,customer486@example.com,F,56,USA,City_36,2024-04-30,860
487,Customer_487,customer487@example.com,M,57,UK,City_37,2024-05-01,870
488,Customer_488,customer488@example.com,F,58,Canada,City_38,2024-05-02,880
489,Customer_489,customer489@example.com,M,59,Australia,City_39,2024-05-03,890
490,Customer_490,customer490@example.com,F,60,Germany,City_40,2024-05-04,900
491,Customer_491,customer491@example.com,M,61,USA,City_41,2024-05-05,910
492,Customer_492,customer492@example.com,F,62,UK,City_42,2024-05-06,920
493,Customer_493,customer493@example.com,M,63,Canada,City_43,2024-05-07,930
494,Customer_494,customer494@example.com,F,64,Australia,City_44,2024-05-08,940
495,Customer_495,customer495@example.com,M,65,Germany,City_45,2024-05-09,950
496,Customer_496,customer496@example.com,F,66,USA,City_46,2024-05-10,960
497,Customer_497,customer497@example.com,M,67,UK,City_47,2024-05-11,970
498,Customer_498,customer498@example.com,F,68,Canada,City_48,2024-05-12,980
499,Customer_499,customer499@example.com,M,69,Australia,City_49,2024-05-13,990
500,Customer_500,customer500@example.com,F,20,Germany,City_0,2024-05-14,0
501,Customer_501,customer501@example.com,M,21,USA,City_1,2024-05-15,10
502,Customer_502,customer502@example.com,F,22,UK,City_2,2024-05-16,20
503,Customer_503,customer503@example.com,M,23,Canada,City_3,2024-05-17,30
504,Customer_504,customer504@example.com,F,24,Australia,City_4,2024-05-18,40
505,Customer_505,customer505@example.com,M,25,Germany,City_5,2024-05-19,50
506,Customer_506,customer506@example.com,F,26,USA,City_6,2024-05-20,60
507,Customer_507,customer507@example.com,M,27,UK,City_7,2024-05-21,70
508,Customer_508,customer508@example.com,F,28,Canada,City_8,2024-05-22,80
509,Customer_509,customer509@example.com,M,29,Australia,City_9,2024-05-23,90
510,Customer_510,customer510@example.com,F,30,Germany,City_10,2024-05-24,100
511,Customer_511,customer511@example.com,M,31,USA,City_11,2024-05-25,110
512,Customer_512,customer512@example.com,F,32,UK,City_12,2024-05-26,120
513,Customer_513,customer513@example.com,M,33,Canada,City_13,2024-05-27,130
514,Customer_514,customer514@example.com,F,34,Australia,City_14,2024-05-28,140
515,Customer_515,customer515@example.com,M,35,Germany,City_15,2024-05-29,150
516,Customer_516,customer516@example.com,F,36,USA,City_16,2024-05-30,160
517,Customer_517,customer517@example.com,M,37,UK,City_17,2024-05-31,170
518,Customer_518,customer518@example.com,F,38,Canada,City_18,2024-06-01,180
519,Customer_519,customer519@example.com,M,39,Australia,City_19,2024-06-02,190
520,Customer_520,customer520@example.com,F,40,Germany,City_20,2024-06-03,200
521,Customer_521,customer521@example.com,M,41,USA,City_21,2024-06-04,210
522,Customer_522,customer522@example.com,F,42,UK,City_22,2024-06-05,220
523,Customer_523,customer523@example.com,M,43,Canada,City_23,2024-06-06,230
524,Customer_524,customer524@example.com,F,44,Australia,City_24,2024-06-07,240
525,Customer_525,customer525@example.com,M,45,Germany,City_25,2024-06-08,250
526,Customer_526,customer526@example.com,F,46,USA,City_26,2024-06-09,260
527,Customer_527,customer527@example.com,M,47,UK,City_27,2024-06-10,270
528,Customer_528,customer528@example.com,F,48,Canada,City_28,2024-06-11,280
529,Customer_529,customer529@example.com,M,49,Australia,City_29,2024-06-12,290
530,Customer_530,customer530@example.com,F,50,Germany,City_30,2024-06-13,300
531,Customer_531,customer531@example.com,M,51,USA,City_31,2024-06-14,310
532,Customer_532,customer532@example.com,F,52,UK,City_32,2024-06-15,320
533,Customer_533,customer533@example.com,M,53,Canada,City_33,2024-06-16,330
534,Customer_534,customer534@example.com,F,54,Australia,City_34,2024-06-17,340
535,Customer_535,customer535@example.com,M,55,Germany,City_35,2024-06-18,350
536,Customer_536,customer536@example.com,F,56,USA,City_36,2024-06-19,360
537,Customer_537,customer537@example.com,M,57,UK,City_37,2024-06-20,370
538,Customer_538,customer538@example.com,F,58,Canada,City_38,2024-06-21,380
539,Customer_539,customer539@example.com,M,59,Australia,City_39,2024-06-22,390
540,Customer_540,customer540@example.com,F,60,Germany,City_40,2024-06-23,400
541,Customer_541,customer541@example.com,M,61,USA,City_41,2024-06-24,410
542,Customer_542,customer542@example.com,F,62,UK,City_42,2024-06-25,420
543,Customer_543,customer543@example.com,M,63,Canada,City_43,2024-06-26,430
544,Customer_544,customer544@example.com,F,64,Australia,City_44,2024-06-27,440
545,Customer_545,customer545@example.com,M,65,Germany,City_45,2024-06-28,450
546,Customer_546,customer546@example.com,F,66,USA,City_46,2024-06-29,460
547,Customer_547,customer547@example.com,M,67,UK,City_47,2024-06-30,470
548,Customer_548,customer548@example.com,F,68,Canada,City_48,2024-07-01,480
549,Customer_549,customer549@example.com,M,69,Australia,City_49,2024-07-02,490
550,Customer_550,customer550@example.com,F,20,Germany,City_0,2024-07-03,500
551,Customer_551,customer551@example.com,M,21,USA,City_1,2024-07-04,510
552,Customer_552,customer552@example.com,F,22,UK,City_2,2024-07-05,520
553,Customer_553,customer553@example.com,M,23,Canada,City_3,2024-07-06,530
554,Customer_554,customer554@example.com,F,24,Australia,City_4,2024-07-07,540
555,Customer_555,customer555@example.com,M,25,Germany,City_5,2024-07-08,550
556,Customer_556,customer556@example.com,F,26,USA,City_6,2024-07-09,560
557,Customer_557,customer557@example.com,M,27,UK,City_7,2024-07-10,570
558,Customer_558,customer558@example.com,F,28,Canada,City_8,2024-07-11,580
559,Customer_559,customer559@example.com,M,29,Australia,City_9,2024-07-12,590
560,Customer_560,customer560@example.com,F,30,Germany,City_10,2024-07-13,600
561,Customer_561,customer561@example.com,M,31,USA,City_11,2024-07-14,610
562,Customer_562,customer562@example.com,F,32,UK,City_12,2024-07-15,620
563,Customer_563,customer563@example.com,M,33,Canada,City_13,2024-07-16,630
564,Customer_564,customer564@example.com,F,34,Australia,City_14,2024-07-17,640
565,Customer_565,customer565@example.com,M,35,Germany,City_15,2024-07-18,650
566,Customer_566,customer566@example.com,F,36,USA,City_16,2024-07-19,660
567,Customer_567,customer567@example.com,M,37,UK,City_17,2024-07-20,670
568,Customer_568,customer568@example.com,F,38,Canada,City_18,2024-07-21,680
569,Customer_569,customer569@example.com,M,39,Australia,City_19,2024-07-22,690
570,Customer_570,customer570@example.com,F,40,Germany,City_20,2024-07-23,700
571,Customer_571,customer571@example.com,M,41,USA,City_21,2024-07-24,710
572,Customer_572,customer572@example.com,F,42,UK,City_22,2024-07-25,720
573,Customer_573,customer573@example.com,M,43,Canada,City_23,2024-07-26,730
574,Customer_574,customer574@example.com,F,44,Australia,City_24,2024-07-27,740
575,Customer_575,customer575@example.com,M,45,Germany,City_25,2024-07-28,750
576,Customer_576,customer576@example.com,F,46,USA,City_26,2024-07-29,760
577,Customer_577,customer577@example.com,M,47,UK,City_27,2024-07-30,770
578,Customer_578,customer578@example.com,F,48,Canada,City_28,2024-07-31,780
579,Customer_579,customer579@example.com,M,49,Australia,City_29,2024-08-01,790
580,Customer_580,customer580@example.com,F,50,Germany,City_30,2024-08-02,800
581,Customer_581,customer581@example.com,M,51,USA,City_31,2024-08-03,810
582,Customer_582,customer582@example.com,F,52,UK,City_32,2024-08-04,820
583,Customer_583,customer583@example.com,M,53,Canada,City_33,2024-08-05,830
584,Customer_584,customer584@example.com,F,54,Australia,City_34,2024-08-06,840
585,Customer_585,customer585@example.com,M,55,Germany,City_35,2024-08-07,850
586,Customer_586,customer586@example.com,F,56,USA,City_36,2024-08-08,860
587,Customer_587,customer587@example.com,M,57,UK,City_37,2024-08-09,870
588,Customer_588,customer588@example.com,F,58,Canada,City_38,2024-08-10,880
589,Customer_589,customer589@example.com,M,59,Australia,City_39,2024-08-11,890
590,Customer_590,customer590@example.com,F,60,Germany,City_40,2024-08-12,900
591,Customer_591,customer591@example.com,M,61,USA,City_41,2024-08-13,910
592,Customer_592,customer592@example.com,F,62,UK,City_42,2024-08-14,920
593,Customer_593,customer593@example.com,M,63,Canada,City_43,2024-08-15,930
594,Customer_594,customer594@example.com,F,64,Australia,City_44,2024-08-16,940
595,Customer_595,customer595@example.com,M,65,Germany,City_45,2024-08-17,950
596,Customer_596,customer596@example.com,F,66,USA,City_46,2024-08-18,960
597,Customer_597,customer597@example.com,M,67,UK,City_47,2024-08-19,970
598,Customer_598,customer598@example.com,F,68,Canada,City_48,2024-08-20,980
599,Customer_599,customer599@example.com,M,69,Australia,City_49,2024-08-21,990
600,Customer_600,customer600@example.com,F,20,Germany,City_0,2024-08-22,0
601,Customer_601,customer601@example.com,M,21,USA,City_1,2024-08-23,10
602,Customer_602,customer602@example.com,F,22,UK,City_2,2024-08-24,20
603,Customer_603,customer603@example.com,M,23,Canada,City_3,2024-08-25,30
604,Customer_604,customer604@example.com,F,24,Australia,City_4,2024-08-26,40
605,Customer_605,customer605@example.com,M,25,Germany,City_5,2024-08-27,50
606,Customer_606,customer606@example.com,F,26,USA,City_6,2024-08-28,60
607,Customer_607,customer607@example.com,M,27,UK,City_7,2024-08-29,70
608,Customer_608,customer608@example.com,F,28,Canada,City_8,2024-08-30,80
609,Customer_609,customer609@example.com,M,29,Australia,City_9,2024-08-31,90
610,Customer_610,customer610@example.com,F,30,Germany,City_10,2024-09-01,100
611,Customer_611,customer611@example.com,M,31,USA,City_11,2024-09-02,110
612,Customer_612,customer612@example.com,F,32,UK,City_12,2024-09-03,120
613,Customer_613,customer613@example.com,M,33,Canada,City_13,2024-09-04,130
614,Customer_614,customer614@example.com,F,34,Australia,City_14,2024-09-05,140
615,Customer_615,customer615@example.com,M,35,Germany,City_15,2024-09-06,150
616,Customer_616,customer616@example.com,F,36,USA,City_16,2024-09-07,160
617,Customer_617,customer617@example.com,M,37,UK,City_17,2024-09-08,170
618,Customer_618,customer618@example.com,F,38,Canada,City_18,2024-09-09,180
619,Customer_619,customer619@example.com,M,39,Australia,City_19,2024-09-10,190
620,Customer_620,customer620@example.com,F,40,Germany,City_20,2024-09-11,200
621,Customer_621,customer621@example.com,M,41,USA,City_21,2024-09-12,210
622,Customer_622,customer622@example.com,F,42,UK,City_22,2024-09-13,220
623,Customer_623,customer623@example.com,M,43,Canada,City_23,2024-09-14,230
624,Customer_624,customer624@example.com,F,44,Australia,City_24,2024-09-15,240
625,Customer_625,customer625@example.com,M,45,Germany,City_25,2024-09-16,250
626,Customer_626,customer626@example.com,F,46,USA,City_26,2024-09-17,260
627,Customer_627,customer627@example.com,M,47,UK,City_27,2024-09-18,270
628,Customer_628,customer628@example.com,F,48,Canada,City_28,2024-09-19,280
629,Customer_629,customer629@example.com,M,49,Australia,City_29,2024-09-20,290
630,Customer_630,customer630@example.com,F,50,Germany,City_30,2024-09-21,300
631,Customer_631,customer631@example.com,M,51,USA,City_31,2024-09-22,310
632,Customer_632,customer632@example.com,F,52,UK,City_32,2024-09-23,320
633,Customer_633,customer633@example.com,M,53,Canada,City_33,2024-09-24,330
634,Customer_634,customer634@example.com,F,54,Australia,City_34,2024-09-25,340
635,Customer_635,customer635@example.com,M,55,Germany,City_35,2024-09-26,350
636,Customer_636,customer636@example.com,F,56,USA,City_36,2024-09-27,360
637,Customer_637,customer637@example.com,M,57,UK,City_37,2024-09-28,370
638,Customer_638,customer638@example.com,F,58,Canada,City_38,2024-09-29,380
639,Customer_639,customer639@example.com,M,59,Australia,City_39,2024-09-30,390
640,Customer_640,customer640@example.com,F,60,Germany,City_40,2024-10-01,400
641,Customer_641,customer641@example.com,M,61,USA,City_41,2024-10-02,410
642,Customer_642,customer642@example.com,F,62,UK,City_42,2024-10-03,420
643,Customer_643,customer643@example.com,M,63,Canada,City_43,2024-10-04,430
644,Customer_644,customer644@example.com,F,64,Australia,City_44,2024-10-05,440
645,Customer_645,customer645@example.com,M,65,Germany,City_45,2024-10-06,450
646,Customer_646,customer646@example.com,F,66,USA,City_46,2024-10-07,460
647,Customer_647,customer647@example.com,M,67,UK,City_47,2024-10-08,470
648,Customer_648,customer648@example.com,F,68,Canada,City_48,2024-10-09,480
649,Customer_649,customer649@example.com,M,69,Australia,City_49,2024-10-10,490
650,Customer_650,customer650@example.com,F,20,Germany,City_0,2024-10-11,500
651,Customer_651,customer651@example.com,M,21,USA,City_1,2024-10-12,510
652,Customer_652,customer652@example.com,F,22,UK,City_2,2024-10-13,520
653,Customer_653,customer653@example.com,M,23,Canada,City_3,2024-10-14,530
654,Customer_654,customer654@example.com,F,24,Australia,City_4,2024-10-15,540
655,Customer_655,customer655@example.com,M,25,Germany,City_5,2024-10-16,550
656,Customer_656,customer656@example.com,F,26,USA,City_6,2024-10-17,560
657,Customer_657,customer657@example.com,M,27,UK,City_7,2024-10-18,570
658,Customer_658,customer658@example.com,F,28,Canada,City_8,2024-10-19,580
659,Customer_659,customer659@example.com,M,29,Australia,City_9,2024-10-20,590
660,Customer_660,customer660@example.com,F,30,Germany,City_10,2024-10-21,600
661,Customer_661,customer661@example.com,M,31,USA,City_11,2024-10-22,610
662,Customer_662,customer662@example.com,F,32,UK,City_12,2024-10-23,620
663,Customer_663,customer663@example.com,M,33,Canada,City_13,2024-10-24,630
664,Customer_664,customer664@example.com,F,34,Australia,City_14,2024-10-25,640
665,Customer_665,customer665@example.com,M,35,Germany,City_15,2024-10-26,650
666,Customer_666,customer666@example.com,F,36,USA,City_16,2024-10-27,660
667,Customer_667,customer667@example.com,M,37,UK,City_17,2024-10-28,670
668,Customer_668,customer668@example.com,F,38,Canada,City_18,2024-10-29,680
669,Customer_669,customer669@example.com,M,39,Australia,City_19,2024-10-30,690
670,Customer_670,customer670@example.com,F,40,Germany,City_20,2024-10-31,700
671,Customer_671,customer671@example.com,M,41,USA,City_21,2024-11-01,710
672,Customer_672,customer672@example.com,F,42,UK,City_22,2024-11-02,720
673,Customer_673,customer673@example.com,M,43,Canada,City_23,2024-11-03,730
674,Customer_674,customer674@example.com,F,44,Australia,City_24,2024-11-04,740
675,Customer_675,customer675@example.com,M,45,Germany,City_25,2024-11-05,750
676,Customer_676,customer676@example.com,F,46,USA,City_26,2024-11-06,760
677,Customer_677,customer677@example.com,M,47,UK,City_27,2024-11-07,770
678,Customer_678,customer678@example.com,F,48,Canada,City_28,2024-11-08,780
679,Customer_679,customer679@example.com,M,49,Australia,City_29,2024-11-09,790
680,Customer_680,customer680@example.com,F,50,Germany,City_30,2024-11-10,800
681,Customer_681,customer681@example.com,M,51,USA,City_31,2024-11-11,810
682,Customer_682,customer682@example.com,F,52,UK,City_32,2024-11-12,820
683,Customer_683,customer683@example.com,M,53,Canada,City_33,2024-11-13,830
684,Customer_684,customer684@example.com,F,54,Australia,City_34,2024-11-14,840
685,Customer_685,customer685@example.com,M,55,Germany,City_35,2024-11-15,850
686,Customer_686,customer686@example.com,F,56,USA,City_36,2024-11-16,860
687,Customer_687,customer687@example.com,M,57,UK,City_37,2024-11-17,870
688,Customer_688,customer688@example.com,F,58,Canada,City_38,2024-11-18,880
689,Customer_689,customer689@example.com,M,59,Australia,City_39,2024-11-19,890
690,Customer_690,customer690@example.com,F,60,Germany,City_40,2024-11-20,900
691,Customer_691,customer691@example.com,M,61,USA,City_41,2024-11-21,910
692,Customer_692,customer692@example.com,F,62,UK,City_42,2024-11-22,920
693,Customer_693,customer693@example.com,M,63,Canada,City_43,2024-11-23,930
694,Customer_694,customer694@example.com,F,64,Australia,City_44,2024-11-24,940
695,Customer_695,customer695@example.com,M,65,Germany,City_45,2024-11-25,950
696,Customer_696,customer696@example.com,F,66,USA,City_46,2024-11-26,960
697,Customer_697,customer697@example.com,M,67,UK,City_47,2024-11-27,970
698,Customer_698,customer698@example.com,F,68,Canada,City_48,2024-11-28,980
699,Customer_699,customer699@example.com,M,69,Australia,City_49,2024-11-29,990
700,Customer_700,customer700@example.com,F,20,Germany,City_0,2024-11-30,0
701,Customer_701,customer701@example.com,M,21,USA,City_1,2024-12-01,10
702,Customer_702,customer702@example.com,F,22,UK,City_2,2024-12-02,20
703,Customer_703,customer703@example.com,M,23,Canada,City_3,2024-12-03,30
704,Customer_704,customer704@example.com,F,24,Australia,City_4,2024-12-04,40
705,Customer_705,customer705@example.com,M,25,Germany,City_5,2024-12-05,50
706,Customer_706,customer706@example.com,F,26,USA,City_6,2024-12-06,60
707,Customer_707,customer707@example.com,M,27,UK,City_7,2024-12-07,70
708,Customer_708,customer708@example.com,F,28,Canada,City_8,2024-12-08,80
709,Customer_709,customer709@example.com,M,29,Australia,City_9,2024-12-09,90
710,Customer_710,customer710@example.com,F,30,Germany,City_10,2024-12-10,100
711,Customer_711,customer711@example.com,M,31,USA,City_11,2024-12-11,110
712,Customer_712,customer712@example.com,F,32,UK,City_12,2024-12-12,120
713,Customer_713,customer713@example.com,M,33,Canada,City_13,2024-12-13,130
714,Customer_714,customer714@example.com,F,34,Australia,City_14,2024-12-14,140
715,Customer_715,customer715@example.com,M,35,Germany,City_15,2024-12-15,150
716,Customer_716,customer716@example.com,F,36,USA,City_16,2024-12-16,160
717,Customer_717,customer717@example.com,M,37,UK,City_17,2024-12-17,170
718,Customer_718,customer718@example.com,F,38,Canada,City_18,2024-12-18,180
719,Customer_719,customer719@example.com,M,39,Australia,City_19,2024-12-19,190
720,Customer_720,customer720@example.com,F,40,Germany,City_20,2024-12-20,200
721,Customer_721,customer721@example.com,M,41,USA,City_21,2024-12-21,210
722,Customer_722,customer722@example.com,F,42,UK,City_22,2024-12-22,220
723,Customer_723,customer723@example.com,M,43,Canada,City_23,2024-12-23,230
724,Customer_724,customer724@example.com,F,44,Australia,City_24,2024-12-24,240
725,Customer_725,customer725@example.com,M,45,Germany,City_25,2024-12-25,250
726,Customer_726,customer726@example.com,F,46,USA,City_26,2024-12-26,260
727,Customer_727,customer727@example.com,M,47,UK,City_27,2024-12-27,270
728,Customer_728,customer728@example.com,F,48,Canada,City_28,2024-12-28,280
729,Customer_729,customer729@example.com,M,49,Australia,City_29,2024-12-29,290
730,Customer_730,customer730@example.com,F,50,Germany,City_30,2024-12-30,300
731,Customer_731,customer731@example.com,M,51,USA,City_31,2024-12-31,310
732,Customer_732,customer732@example.com,F,52,UK,City_32,2025-01-01,320
733,Customer_733,customer733@example.com,M,53,Canada,City_33,2025-01-02,330
734,Customer_734,customer734@example.com,F,54,Australia,City_34,2025-01-03,340
735,Customer_735,customer735@example.com,M,55,Germany,City_35,2025-01-04,350
736,Customer_736,customer736@example.com,F,56,USA,City_36,2025-01-05,360
737,Customer_737,customer737@example.com,M,57,UK,City_37,2025-01-06,370
738,Customer_738,customer738@example.com,F,58,Canada,City_38,2025-01-07,380
739,Customer_739,customer739@example.com,M,59,Australia,City_39,2025-01-08,390
740,Customer_740,customer740@example.com,F,60,Germany,City_40,2025-01-09,400
741,Customer_741,customer741@example.com,M,61,USA,City_41,2025-01-10,410
742,Customer_742,customer742@example.com,F,62,UK,City_42,2025-01-11,420
743,Customer_743,customer743@example.com,M,63,Canada,City_43,2025-01-12,430
744,Customer_744,customer744@example.com,F,64,Australia,City_44,2025-01-13,440
745,Customer_745,customer745@example.com,M,65,Germany,City_45,2025-01-14,450
746,Customer_746,customer746@example.com,F,66,USA,City_46,2025-01-15,460
747,Customer_747,customer747@example.com,M,67,UK,City_47,2025-01-16,470
748,Customer_748,customer748@example.com,F,68,Canada,City_48,2025-01-17,480
749,Customer_749,customer749@example.com,M,69,Australia,City_49,2025-01-18,490
750,Customer_750,customer750@example.com,F,20,Germany,City_0,2025-01-19,500
751,Customer_751,customer751@example.com,M,21,USA,City_1,2025-01-20,510
752,Customer_752,customer752@example.com,F,22,UK,City_2,2025-01-21,520
753,Customer_753,customer753@example.com,M,23,Canada,City_3,2025-01-22,530
754,Customer_754,customer754@example.com,F,24,Australia,City_4,2025-01-23,540
755,Customer_755,customer755@example.com,M,25,Germany,City_5,2025-01-24,550
756,Customer_756,customer756@example.com,F,26,USA,City_6,2025-01-25,560
757,Customer_757,customer757@example.com,M,27,UK,City_7,2025-01-26,570
758,Customer_758,customer758@example.com,F,28,Canada,City_8,2025-01-27,580
759,Customer_759,customer759@example.com,M,29,Australia,City_9,2025-01-28,590
760,Customer_760,customer760@example.com,F,30,Germany,City_10,2025-01-29,600
761,Customer_761,customer761@example.com,M,31,USA,City_11,2025-01-30,610
762,Customer_762,customer762@example.com,F,32,UK,City_12,2025-01-31,620
763,Customer_763,customer763@example.com,M,33,Canada,City_13,2025-02-01,630
764,Customer_764,customer764@example.com,F,34,Australia,City_14,2025-02-02,640
765,Customer_765,customer765@example.com,M,35,Germany,City_15,2025-02-03,650
766,Customer_766,customer766@example.com,F,36,USA,City_16,2025-02-04,660
767,Customer_767,customer767@example.com,M,37,UK,City_17,2025-02-05,670
768,Customer_768,customer768@example.com,F,38,Canada,City_18,2025-02-06,680
769,Customer_769,customer769@example.com,M,39,Australia,City_19,2025-02-07,690
770,Customer_770,customer770@example.com,F,40,Germany,City_20,2025-02-08,700
771,Customer_771,customer771@example.com,M,41,USA,City_21,2025-02-09,710
772,Customer_772,customer772@example.com,F,42,UK,City_22,2025-02-10,720
773,Customer_773,customer773@example.com,M,43,Canada,City_23,2025-02-11,730
774,Customer_774,customer774@example.com,F,44,Australia,City_24,2025-02-12,740
775,Customer_775,customer775@example.com,M,45,Germany,City_25,2025-02-13,750
776,Customer_776,customer776@example.com,F,46,USA,City_26,2025-02-14,760
777,Customer_777,customer777@example.com,M,47,UK,City_27,2025-02-15,770
778,Customer_778,customer778@example.com,F,48,Canada,City_28,2025-02-16,780
779,Customer_779,customer779@example.com,M,49,Australia,City_29,2025-02-17,790
780,Customer_780,customer780@example.com,F,50,Germany,City_30,2025-02-18,800
781,Customer_781,customer781@example.com,M,51,USA,City_31,2025-02-19,810
782,Customer_782,customer782@example.com,F,52,UK,City_32,2025-02-20,820
783,Customer_783,customer783@example.com,M,53,Canada,City_33,2025-02-21,830
784,Customer_784,customer784@example.com,F,54,Australia,City_34,2025-02-22,840
785,Customer_785,customer785@example.com,M,55,Germany,City_35,2025-02-23,850
786,Customer_786,customer786@example.com,F,56,USA,City_36,2025-02-24,860
787,Customer_787,customer787@example.com,M,57,UK,City_37,2025-02-25,870
788,Customer_788,customer788@example.com,F,58,Canada,City_38,2025-02-26,880
789,Customer_789,customer789@example.com,M,59,Australia,City_39,2025-02-27,890
790,Customer_790,customer790@example.com,F,60,Germany,City_40,2025-02-28,900
791,Customer_791,customer791@example.com,M,61,USA,City_41,2025-03-01,910
792,Customer_792,customer792@example.com,F,62,UK,City_42,2025-03-02,920
793,Customer_793,customer793@example.com,M,63,Canada,City_43,2025-03-03,930
794,Customer_794,customer794@example.com,F,64,Australia,City_44,2025-03-04,940
795,Customer_795,customer795@example.com,M,65,Germany,City_45,2025-03-05,950
796,Customer_796,customer796@example.com,F,66,USA,City_46,2025-03-06,960
797,Customer_797,customer797@example.com,M,67,UK,City_47,2025-03-07,970
798,Customer_798,customer798@example.com,F,68,Canada,City_48,2025-03-08,980
799,Customer_799,customer799@example.com,M,69,Australia,City_49,2025-03-09,990
800,Customer_800,customer800@example.com,F,20,Germany,City_0,2025-03-10,0
801,Customer_801,customer801@example.com,M,21,USA,City_1,2025-03-11,10
802,Customer_802,customer802@example.com,F,22,UK,City_2,2025-03-12,20
803,Customer_803,customer803@example.com,M,23,Canada,City_3,2025-03-13,30
804,Customer_804,customer804@example.com,F,24,Australia,City_4,2025-03-14,40
805,Customer_805,customer805@example.com,M,25,Germany,City_5,2025-03-15,50
806,Customer_806,customer806@example.com,F,26,USA,City_6,2025-03-16,60
807,Customer_807,customer807@example.com,M,27,UK,City_7,2025-03-17,70
808,Customer_808,customer808@example.com,F,28,Canada,City_8,2025-03-18,80
809,Customer_809,customer809@example.com,M,29,Australia,City_9,2025-03-19,90
810,Customer_810,customer810@example.com,F,30,Germany,City_10,2025-03-20,100
811,Customer_811,customer811@example.com,M,31,USA,City_11,2025-03-21,110
812,Customer_812,customer812@example.com,F,32,UK,City_12,2025-03-22,120
813,Customer_813,customer813@example.com,M,33,Canada,City_13,2025-03-23,130
814,Customer_814,customer814@example.com,F,34,Australia,City_14,2025-03-24,140
815,Customer_815,customer815@example.com,M,35,Germany,City_15,2025-03-25,150
816,Customer_816,customer816@example.com,F,36,USA,City_16,2025-03-26,160
817,Customer_817,customer817@example.com,M,37,UK,City_17,2025-03-27,170
818,Customer_818,customer818@example.com,F,38,Canada,City_18,2025-03-28,180
819,Customer_819,customer819@example.com,M,39,Australia,City_19,2025-03-29,190
820,Customer_820,customer820@example.com,F,40,Germany,City_20,2025-03-30,200
821,Customer_821,customer821@example.com,M,41,USA,City_21,2025-03-31,210
822,Customer_822,customer822@example.com,F,42,UK,City_22,2025-04-01,220
823,Customer_823,customer823@example.com,M,43,Canada,City_23,2025-04-02,230
824,Customer_824,customer824@example.com,F,44,Australia,City_24,2025-04-03,240
825,Customer_825,customer825@example.com,M,45,Germany,City_25,2025-04-04,250
826,Customer_826,customer826@example.com,F,46,USA,City_26,2025-04-05,260
827,Customer_827,customer827@example.com,M,47,UK,City_27,2025-04-06,270
828,Customer_828,customer828@example.com,F,48,Canada,City_28,2025-04-07,280
829,Customer_829,customer829@example.com,M,49,Australia,City_29,2025-04-08,290
830,Customer_830,customer830@example.com,F,50,Germany,City_30,2025-04-09,300
831,Customer_831,customer831@example.com,M,51,USA,City_31,2025-04-10,310
832,Customer_832,customer832@example.com,F,52,UK,City_32,2025-04-11,320
833,Customer_833,customer833@example.com,M,53,Canada,City_33,2025-04-12,330
834,Customer_834,customer834@example.com,F,54,Australia,City_34,2025-04-13,340
835,Customer_835,customer835@example.com,M,55,Germany,City_35,2025-04-14,350
836,Customer_836,customer836@example.com,F,56,USA,City_36,2025-04-15,360
837,Customer_837,customer837@example.com,M,57,UK,City_37,2025-04-16,370
838,Customer_838,customer838@example.com,F,58,Canada,City_38,2025-04-17,380
839,Customer_839,customer839@example.com,M,59,Australia,City_39,2025-04-18,390
840,Customer_840,customer840@example.com,F,60,Germany,City_40,2025-04-19,400
841,Customer_841,customer841@example.com,M,61,USA,City_41,2025-04-20,410
842,Customer_842,customer842@example.com,F,62,UK,City_42,2025-04-21,420
843,Customer_843,customer843@example.com,M,63,Canada,City_43,2025-04-22,430
844,Customer_844,customer844@example.com,F,64,Australia,City_44,2025-04-23,440
845,Customer_845,customer845@example.com,M,65,Germany,City_45,2025-04-24,450
846,Customer_846,customer846@example.com,F,66,USA,City_46,2025-04-25,460
847,Customer_847,customer847@example.com,M,67,UK,City_47,2025-04-26,470
848,Customer_848,customer848@example.com,F,68,Canada,City_48,2025-04-27,480
849,Customer_849,customer849@example.com,M,69,Australia,City_49,2025-04-28,490
850,Customer_850,customer850@example.com,F,20,Germany,City_0,2025-04-29,500
851,Customer_851,customer851@example.com,M,21,USA,City_1,2025-04-30,510
852,Customer_852,customer852@example.com,F,22,UK,City_2,2025-05-01,520
853,Customer_853,customer853@example.com,M,23,Canada,City_3,2025-05-02,530
854,Customer_854,customer854@example.com,F,24,Australia,City_4,2025-05-03,540
855,Customer_855,customer855@example.com,M,25,Germany,City_5,2025-05-04,550
856,Customer_856,customer856@example.com,F,26,USA,City_6,2025-05-05,560
857,Customer_857,customer857@example.com,M,27,UK,City_7,2025-05-06,570
858,Customer_858,customer858@example.com,F,28,Canada,City_8,2025-05-07,580
859,Customer_859,customer859@example.com,M,29,Australia,City_9,2025-05-08,590
860,Customer_860,customer860@example.com,F,30,Germany,City_10,2025-05-09,600
861,Customer_861,customer861@example.com,M,31,USA,City_11,2025-05-10,610
862,Customer_862,customer862@example.com,F,32,UK,City_12,2025-05-11,620
863,Customer_863,customer863@example.com,M,33,Canada,City_13,2025-05-12,630
864,Customer_864,customer864@example.com,F,34,Australia,City_14,2025-05-13,640
865,Customer_865,customer865@example.com,M,35,Germany,City_15,2025-05-14,650
866,Customer_866,customer866@example.com,F,36,USA,City_16,2025-05-15,660
867,Customer_867,customer867@example.com,M,37,UK,City_17,2025-05-16,670
868,Customer_868,customer868@example.com,F,38,Canada,City_18,2025-05-17,680
869,Customer_869,customer869@example.com,M,39,Australia,City_19,2025-05-18,690
870,Customer_870,customer870@example.com,F,40,Germany,City_20,2025-05-19,700
871,Customer_871,customer871@example.com,M,41,USA,City_21,2025-05-20,710
872,Customer_872,customer872@example.com,F,42,UK,City_22,2025-05-21,720
873,Customer_873,customer873@example.com,M,43,Canada,City_23,2025-05-22,730
874,Customer_874,customer874@example.com,F,44,Australia,City_24,2025-05-23,740
875,Customer_875,customer875@example.com,M,45,Germany,City_25,2025-05-24,750
876,Customer_876,customer876@example.com,F,46,USA,City_26,2025-05-25,760
877,Customer_877,customer877@example.com,M,47,UK,City_27,2025-05-26,770
878,Customer_878,customer878@example.com,F,48,Canada,City_28,2025-05-27,780
879,Customer_879,customer879@example.com,M,49,Australia,City_29,2025-05-28,790
880,Customer_880,customer880@example.com,F,50,Germany,City_30,2025-05-29,800
881,Customer_881,customer881@example.com,M,51,USA,City_31,2025-05-30,810
882,Customer_882,customer882@example.com,F,52,UK,City_32,2025-05-31,820
883,Customer_883,customer883@example.com,M,53,Canada,City_33,2025-06-01,830
884,Customer_884,customer884@example.com,F,54,Australia,City_34,2025-06-02,840
885,Customer_885,customer885@example.com,M,55,Germany,City_35,2025-06-03,850
886,Customer_886,customer886@example.com,F,56,USA,City_36,2025-06-04,860
887,Customer_887,customer887@example.com,M,57,UK,City_37,2025-06-05,870
888,Customer_888,customer888@example.com,F,58,Canada,City_38,2025-06-06,880
889,Customer_889,customer889@example.com,M,59,Australia,City_39,2025-06-07,890
890,Customer_890,customer890@example.com,F,60,Germany,City_40,2025-06-08,900
891,Customer_891,customer891@example.com,M,61,USA,City_41,2025-06-09,910
892,Customer_892,customer892@example.com,F,62,UK,City_42,2025-06-10,920
893,Customer_893,customer893@example.com,M,63,Canada,City_43,2025-06-11,930
894,Customer_894,customer894@example.com,F,64,Australia,City_44,2025-06-12,940
895,Customer_895,customer895@example.com,M,65,Germany,City_45,2025-06-13,950
896,Customer_896,customer896@example.com,F,66,USA,City_46,2025-06-14,960
897,Customer_897,customer897@example.com,M,67,UK,City_47,2025-06-15,970
898,Customer_898,customer898@example.com,F,68,Canada,City_48,2025-06-16,980
899,Customer_899,customer899@example.com,M,69,Australia,City_49,2025-06-17,990
900,Customer_900,customer900@example.com,F,20,Germany,City_0,2025-06-18,0
901,Customer_901,customer901@example.com,M,21,USA,City_1,2025-06-19,10
902,Customer_902,customer902@example.com,F,22,UK,City_2,2025-06-20,20
903,Customer_903,customer903@example.com,M,23,Canada,City_3,2025-06-21,30
904,Customer_904,customer904@example.com,F,24,Australia,City_4,2025-06-22,40
905,Customer_905,customer905@example.com,M,25,Germany,City_5,2025-06-23,50
906,Customer_906,customer906@example.com,F,26,USA,City_6,2025-06-24,60
907,Customer_907,customer907@example.com,M,27,UK,City_7,2025-06-25,70
908,Customer_908,customer908@example.com,F,28,Canada,City_8,2025-06-26,80
909,Customer_909,customer909@example.com,M,29,Australia,City_9,2025-06-27,90
910,Customer_910,customer910@example.com,F,30,Germany,City_10,2025-06-28,100
911,Customer_911,customer911@example.com,M,31,USA,City_11,2025-06-29,110
912,Customer_912,customer912@example.com,F,32,UK,City_12,2025-06-30,120
913,Customer_913,customer913@example.com,M,33,Canada,City_13,2025-07-01,130
914,Customer_914,customer914@example.com,F,34,Australia,City_14,2025-07-02,140
915,Customer_915,customer915@example.com,M,35,Germany,City_15,2025-07-03,150
916,Customer_916,customer916@example.com,F,36,USA,City_16,2025-07-04,160
917,Customer_917,customer917@example.com,M,37,UK,City_17,2025-07-05,170
918,Customer_918,customer918@example.com,F,38,Canada,City_18,2025-07-06,180
919,Customer_919,customer919@example.com,M,39,Australia,City_19,2025-07-07,190
920,Customer_920,customer920@example.com,F,40,Germany,City_20,2025-07-08,200
921,Customer_921,customer921@example.com,M,41,USA,City_21,2025-07-09,210
922,Customer_922,customer922@example.com,F,42,UK,City_22,2025-07-10,220
923,Customer_923,customer923@example.com,M,43,Canada,City_23,2025-07-11,230
924,Customer_924,customer924@example.com,F,44,Australia,City_24,2025-07-12,240
925,Customer_925,customer925@example.com,M,45,Germany,City_25,2025-07-13,250
926,Customer_926,customer926@example.com,F,46,USA,City_26,2025-07-14,260
927,Customer_927,customer927@example.com,M,47,UK,City_27,2025-07-15,270
928,Customer_928,customer928@example.com,F,48,Canada,City_28,2025-07-16,280
929,Customer_929,customer929@example.com,M,49,Australia,City_29,2025-07-17,290
930,Customer_930,customer930@example.com,F,50,Germany,City_30,2025-07-18,300
931,Customer_931,customer931@example.com,M,51,USA,City_31,2025-07-19,310
932,Customer_932,customer932@example.com,F,52,UK,City_32,2025-07-20,320
933,Customer_933,customer933@example.com,M,53,Canada,City_33,2025-07-21,330
934,Customer_934,customer934@example.com,F,54,Australia,City_34,2025-07-22,340
935,Customer_935,customer935@example.com,M,55,Germany,City_35,2025-07-23,350
936,Customer_936,customer936@example.com,F,56,USA,City_36,2025-07-24,360
937,Customer_937,customer937@example.com,M,57,UK,City_37,2025-07-25,370
938,Customer_938,customer938@example.com,F,58,Canada,City_38,2025-07-26,380
939,Customer_939,customer939@example.com,M,59,Australia,City_39,2025-07-27,390
940,Customer_940,customer940@example.com,F,60,Germany,City_40,2025-07-28,400
941,Customer_941,customer941@example.com,M,61,USA,City_41,2025-07-29,410
942,Customer_942,customer942@example.com,F,62,UK,City_42,2025-07-30,420
943,Customer_943,customer943@example.com,M,63,Canada,City_43,2025-07-31,430
944,Customer_944,customer944@example.com,F,64,Australia,City_44,2025-08-01,440
945,Customer_945,customer945@example.com,M,65,Germany,City_45,2025-08-02,450
946,Customer_946,customer946@example.com,F,66,USA,City_46,2025-08-03,460
947,Customer_947,customer947@example.com,M,67,UK,City_47,2025-08-04,470
948,Customer_948,customer948@example.com,F,68,Canada,City_48,2025-08-05,480
949,Customer_949,customer949@example.com,M,69,Australia,City_49,2025-08-06,490
950,Customer_950,customer950@example.com,F,20,Germany,City_0,2025-08-07,500
951,Customer_951,customer951@example.com,M,21,USA,City_1,2025-08-08,510
952,Customer_952,customer952@example.com,F,22,UK,City_2,2025-08-09,520
953,Customer_953,customer953@example.com,M,23,Canada,City_3,2025-08-10,530
954,Customer_954,customer954@example.com,F,24,Australia,City_4,2025-08-11,540
955,Customer_955,customer955@example.com,M,25,Germany,City_5,2025-08-12,550
956,Customer_956,customer956@example.com,F,26,USA,City_6,2025-08-13,560
957,Customer_957,customer957@example.com,M,27,UK,City_7,2025-08-14,570
958,Customer_958,customer958@example.com,F,28,Canada,City_8,2025-08-15,580
959,Customer_959,customer959@example.com,M,29,Australia,City_9,2025-08-16,590
960,Customer_960,customer960@example.com,F,30,Germany,City_10,2025-08-17,600
961,Customer_961,customer961@example.com,M,31,USA,City_11,2025-08-18,610
962,Customer_962,customer962@example.com,F,32,UK,City_12,2025-08-19,620
963,Customer_963,customer963@example.com,M,33,Canada,City_13,2025-08-20,630
964,Customer_964,customer964@example.com,F,34,Australia,City_14,2025-08-21,640
965,Customer_965,customer965@example.com,M,35,Germany,City_15,2025-08-22,650
966,Customer_966,customer966@example.com,F,36,USA,City_16,2025-08-23,660
967,Customer_967,customer967@example.com,M,37,UK,City_17,2025-08-24,670
968,Customer_968,customer968@example.com,F,38,Canada,City_18,2025-08-25,680
969,Customer_969,customer969@example.com,M,39,Australia,City_19,2025-08-26,690
970,Customer_970,customer970@example.com,F,40,Germany,City_20,2025-08-27,700
971,Customer_971,customer971@example.com,M,41,USA,City_21,2025-08-28,710
972,Customer_972,customer972@example.com,F,42,UK,City_22,2025-08-29,720
973,Customer_973,customer973@example.com,M,43,Canada,City_23,2025-08-30,730
974,Customer_974,customer974@example.com,F,44,Australia,City_24,2025-08-31,740
975,Customer_975,customer975@example.com,M,45,Germany,City_25,2025-09-01,750
976,Customer_976,customer976@example.com,F,46,USA,City_26,2025-09-02,760
977,Customer_977,customer977@example.com,M,47,UK,City_27,2025-09-03,770
978,Customer_978,customer978@example.com,F,48,Canada,City_28,2025-09-04,780
979,Customer_979,customer979@example.com,M,49,Australia,City_29,2025-09-05,790
980,Customer_980,customer980@example.com,F,50,Germany,City_30,2025-09-06,800
981,Customer_981,customer981@example.com,M,51,USA,City_31,2025-09-07,810
982,Customer_982,customer982@example.com,F,52,UK,City_32,2025-09-08,820
983,Customer_983,customer983@example.com,M,53,Canada,City_33,2025-09-09,830
984,Customer_984,customer984@example.com,F,54,Australia,City_34,2025-09-10,840
985,Customer_985,customer985@example.com,M,55,Germany,City_35,2025-09-11,850
986,Customer_986,customer986@example.com,F,56,USA,City_36,2025-09-12,860
987,Customer_987,customer987@example.com,M,57,UK,City_37,2025-09-13,870
988,Customer_988,customer988@example.com,F,58,Canada,City_38,2025-09-14,880
989,Customer_989,customer989@example.com,M,59,Australia,City_39,2025-09-15,890
990,Customer_990,customer990@example.com,F,60,Germany,City_40,2025-09-16,900
991,Customer_991,customer991@example.com,M,61,USA,City_41,2025-09-17,910
992,Customer_992,customer992@example.com,F,62,UK,City_42,2025-09-18,920
993,Customer_993,customer993@example.com,M,63,Canada,City_43,2025-09-19,930
994,Customer_994,customer994@example.com,F,64,Australia,City_44,2025-09-20,940
995,Customer_995,customer995@example.com,M,65,Germany,City_45,2025-09-21,950
996,Customer_996,customer996@example.com,F,66,USA,City_46,2025-09-22,960
997,Customer_997,customer997@example.com,M,67,UK,City_47,2025-09-23,970
998,Customer_998,customer998@example.com,F,68,Canada,City_48,2025-09-24,980
999,Customer_999,customer999@example.com,M,69,Australia,City_49,2025-09-25,990
1000,Customer_1000,customer1000@example.com,F,20,Germany,City_0,2025-09-26,0
