product_id,name,category,sub_category,brand,price,stock_quantity,rating,reviews_count
101,Product_101,Electronics,Mobile,Brand_1,390,486,4.7,661
102,Product_102,Fashion,Laptop,Brand_2,514,136,4.4,4308
103,Product_103,Home,Shoes,Brand_3,376,211,3.0,3034
104,Product_104,Sports,Clothing,Brand_4,532,499,3.5,142
105,Product_105,Electronics,Mobile,Brand_5,1102,109,4.9,1945
106,Product_106,Fashion,Laptop,Brand_6,312,318,4.8,3213
107,Product_107,Home,Shoes,Brand_7,857,201,4.8,1685
108,Product_108,Sports,Clothing,Brand_8,635,186,3.1,2012
109,Product_109,Electronics,Mobile,Brand_9,103,453,4.2,2019
110,Product_110,Fashion,Laptop,Brand_10,491,418,3.2,4494
111,Product_111,Home,Shoes,Brand_11,1000,277,3.2,553
112,Product_112,Sports,Clothing,Brand_12,589,365,3.0,3869
113,Product_113,Electronics,Mobile,Brand_13,494,444,4.4,2263
114,Product_114,Fashion,Laptop,Brand_14,1500,236,4.8,4989
115,Product_115,Home,Shoes,Brand_15,1069,415,3.2,4341
116,Product_116,Sports,Clothing,Brand_16,121,138,3.3,4677
117,Product_117,Electronics,Mobile,Brand_17,273,427,4.8,4918
118,Product_118,Fashion,Laptop,Brand_18,537,78,3.9,4912
119,Product_119,Home,Shoes,Brand_19,576,438,4.1,2284
120,Product_120,Sports,Clothing,Brand_20,372,488,3.7,638
121,Product_121,Electronics,Mobile,Brand_21,838,483,4.8,3804
122,Product_122,Fashion,Laptop,Brand_22,469,103,3.5,1758
123,Product_123,Home,Shoes,Brand_23,1266,186,4.5,3303
124,Product_124,Sports,Clothing,Brand_24,1482,430,3.2,2308
125,Product_125,Electronics,Mobile,Brand_25,528,306,3.1,1921
126,Product_126,Fashion,Laptop,Brand_26,460,270,4.8,2908
127,Product_127,Home,Shoes,Brand_27,789,192,3.1,4038
128,Product_128,Sports,Clothing,Brand_28,421,500,4.5,1882
129,Product_129,Electronics,Mobile,Brand_29,863,215,3.2,982
130,Product_130,Fashion,Laptop,Brand_30,1202,270,3.2,711
131,Product_131,Home,Shoes,Brand_31,397,368,3.7,2268
132,Product_132,Sports,Clothing,Brand_32,356,314,3.7,4647
133,Product_133,Electronics,Mobile,Brand_33,194,222,3.5,4149
134,Product_134,Fashion,Laptop,Brand_34,515,96,3.1,3905
135,Product_135,Home,Shoes,Brand_35,146,276,3.3,544
136,Product_136,Sports,Clothing,Brand_36,992,421,4.1,4221
137,Product_137,Electronics,Mobile,Brand_37,926,336,3.9,2709
138,Product_138,Fashion,Laptop,Brand_38,545,318,4.3,3406
139,Product_139,Home,Shoes,Brand_39,146,461,4.7,2812
140,Product_140,Sports,Clothing,Brand_40,609,237,3.9,3926
141,Product_141,Electronics,Mobile,Brand_41,79,90,4.0,4904
142,Product_142,Fashion,Laptop,Brand_42,164,65,3.6,3733
143,Product_143,Home,Shoes,Brand_43,52,370,3.4,1006
144,Product_144,Sports,Clothing,Brand_44,1438,177,5.0,2568
145,Product_145,Electronics,Mobile,Brand_45,790,353,3.5,944
146,Product_146,Fashion,Laptop,Brand_46,752,59,4.3,3039
147,Product_147,Home,Shoes,Brand_47,864,471,4.9,1784
148,Product_148,Sports,Clothing,Brand_48,1398,165,3.4,817
149,Product_149,Electronics,Mobile,Brand_49,861,324,5.0,3683
150,Product_150,Fashion,Laptop,Brand_50,82,222,4.5,4236
151,Product_151,Home,Shoes,Brand_51,155,123,4.5,3906
152,Product_152,Sports,Clothing,Brand_52,907,332,4.1,115
153,Product_153,Electronics,Mobile,Brand_53,1075,463,3.8,2676
154,Product_154,Fashion,Laptop,Brand_54,1265,109,4.9,619
155,Product_155,Home,Shoes,Brand_55,73,492,3.6,1531
156,Product_156,Sports,Clothing,Brand_56,623,165,3.7,2947
157,Product_157,Electronics,Mobile,Brand_57,344,458,3.1,3105
158,Product_158,Fashion,Laptop,Brand_58,1087,428,3.9,2679
159,Product_159,Home,Shoes,Brand_59,75,490,4.8,383
160,Product_160,Sports,Clothing,Brand_60,313,236,3.5,1506
161,Product_161,Electronics,Mobile,Brand_61,1368,437,3.1,1954
162,Product_162,Fashion,Laptop,Brand_62,1480,50,4.8,892
163,Product_163,Home,Shoes,Brand_63,78,270,4.6,1254
164,Product_164,Sports,Clothing,Brand_64,937,388,3.3,1145
165,Product_165,Electronics,Mobile,Brand_65,917,117,4.5,2784
166,Product_166,Fashion,Laptop,Brand_66,511,313,4.4,2813
167,Product_167,Home,Shoes,Brand_67,1266,434,3.2,2627
168,Product_168,Sports,Clothing,Brand_68,1005,192,3.6,1388
169,Product_169,Electronics,Mobile,Brand_69,553,306,4.9,847
170,Product_170,Fashion,Laptop,Brand_70,1311,65,4.6,3960
171,Product_171,Home,Shoes,Brand_71,1264,296,3.1,1930
172,Product_172,Sports,Clothing,Brand_72,1453,149,3.6,2836
173,Product_173,Electronics,Mobile,Brand_73,1076,483,4.4,331
174,Product_174,Fashion,Laptop,Brand_74,95,168,4.7,532
175,Product_175,Home,Shoes,Brand_75,1446,324,3.4,651
176,Product_176,Sports,Clothing,Brand_76,87,99,5.0,4992
177,Product_177,Electronics,Mobile,Brand_77,538,228,4.1,4174
178,Product_178,Fashion,Laptop,Brand_78,663,143,3.6,4917
179,Product_179,Home,Shoes,Brand_79,738,229,3.3,467
180,Product_180,Sports,Clothing,Brand_80,1186,251,3.7,1951
181,Product_181,Electronics,Mobile,Brand_81,660,457,4.2,2383
182,Product_182,Fashion,Laptop,Brand_82,557,430,4.0,4411
183,Product_183,Home,Shoes,Brand_83,883,365,3.2,3809
184,Product_184,Sports,Clothing,Brand_84,426,459,3.2,220
185,Product_185,Electronics,Mobile,Brand_85,118,163,4.9,4642
186,Product_186,Fashion,Laptop,Brand_86,548,168,4.6,479
187,Product_187,Home,Shoes,Brand_87,468,351,4.9,384
188,Product_188,Sports,Clothing,Brand_88,1327,85,4.0,2274
189,Product_189,Electronics,Mobile,Brand_89,520,233,3.3,649
190,Product_190,Fashion,Laptop,Brand_90,823,270,4.8,3578
191,Product_191,Home,Shoes,Brand_91,392,277,3.5,4855
192,Product_192,Sports,Clothing,Brand_92,122,433,4.5,648
193,Product_193,Electronics,Mobile,Brand_93,577,451,3.4,2231
194,Product_194,Fashion,Laptop,Brand_94,1144,108,4.7,594
195,Product_195,Home,Shoes,Brand_95,997,182,4.2,4974
196,Product_196,Sports,Clothing,Brand_96,1401,295,3.8,4887
197,Product_197,Electronics,Mobile,Brand_97,70,453,3.8,3698
198,Product_198,Fashion,Laptop,Brand_98,205,381,3.4,590
199,Product_199,Home,Shoes,Brand_99,763,475,3.8,1189
200,Product_200,Sports,Clothing,Brand_100,102,62,4.0,1867
